ticker,date,threeMoRtn,price_earnings,price_book,debt_equity,capitalization
ABC,03/31/14,1.55,25.77,-0.26,97.62,358647
ABC,06/30/14,12.87,25.57,-0.06,97.56,358646.22
ABC,09/30/14,-11.06,25.1,0.07,98.78,358645.63
ABC,12/31/14,0.96,25.84,0.27,98.27,358645.93
ABC,03/31/15,19.05,24.39,0.56,98.38,358646.85
ABC,06/30/15,-1.12,23.65,0.32,99.96,358647.18
ABC,09/30/15,7.89,22,0.4,100.29,358648.41
ABC,12/31/15,-11.23,23.68,0.72,100.37,358648.74
ABC,03/31/16,-9.51,25.45,0.9,101.67,358647.12
ABC,06/30/16,7.41,25.6,0.89,102.2,358648.13
ABC,09/30/16,-9.15,27.53,1.14,101.24,358647.45
ABC,12/31/16,13.78,25.58,1.46,102.63,358645.74
ABC,03/31/17,7.63,26.62,1.91,101.74,358645.87
ABC,06/30/17,-8.93,27.27,2.17,101.69,358646.46
ABC,09/30/17,8.11,26.89,1.93,100.89,358647.44
ABC,12/31/17,-8.75,25.66,2.14,102.39,358645.78
ABC,03/31/18,-1.65,27.05,2.14,102.03,358643.79
ABC,06/30/18,1.75,25.59,2.29,102.69,358644.83
ABC,09/30/18,-8.68,27.33,2.57,103.84,358645.95
ABC,12/31/18,-0.66,28.56,2.43,103.64,358645.05
ABD,03/31/14,2.69,22.14,0.19,98.1,372032
ABD,06/30/14,-4.39,22.24,0.49,97.7,372032.34
ABD,09/30/14,-4.22,22.08,0.48,99.66,372032.91
ABD,12/31/14,-3.54,23.11,0.72,99.42,372032.97
ABD,03/31/15,23.2,22.2,0.56,100.48,372030.99
ABD,06/30/15,-0.79,21.32,0.56,100.25,372032.37
ABD,09/30/15,5.24,22.73,1.02,101.89,372031.59
ABD,12/31/15,-12.15,22.54,0.85,103.16,372030.24
ABD,03/31/16,17.78,23.58,1.03,104.76,372028.42
ABD,06/30/16,20.93,22.92,1.4,104.25,372029.34
ABD,09/30/16,-8.16,22.83,1.39,105.66,372030.55
ABD,12/31/16,-8.97,24.69,1.36,105.14,372032.34
ABD,03/31/17,19.87,23.13,1.16,105.18,372031.33
ABD,06/30/17,-13.4,24.8,1.44,105.18,372031.56
ABD,09/30/17,3.11,24.82,1.75,105.36,372032.84
ABD,12/31/17,-10.37,25.02,1.52,106.4,372031.2
ABD,03/31/18,22.33,24.63,1.67,105.46,372032.01
ABD,06/30/18,2.21,24.41,2.13,107.22,372030.49
ABD,09/30/18,21.4,26.26,2.55,108.17,372031.12
ABD,12/31/18,15.18,26.88,2.54,107.6,372030.15
ABE,03/31/14,-13.69,25.08,3.23,55.32,729734
ABE,06/30/14,-13.6,24.49,3.2,57.01,729734.15
ABE,09/30/14,20.43,25.87,3.4,56.72,729735.06
ABE,12/31/14,-0.51,26.43,3.46,58.05,729734.64
ABE,03/31/15,17.48,25.54,3.5,58.6,729736.14
ABE,06/30/15,7.75,24.05,3.73,60.53,729736.45
ABE,09/30/15,20.69,22.59,3.54,60.8,729735.73
ABE,12/31/15,-4.38,22,3.91,60.97,729737.31
ABE,03/31/16,-13.43,22.88,3.95,61.09,729736.6
ABE,06/30/16,-8.52,21.17,3.86,62.47,729736.94
ABE,09/30/16,0.52,20.06,4.09,63.69,729737.41
ABE,12/31/16,12.72,18.82,4.23,62.89,729736.09
ABE,03/31/17,6.52,18.65,4.48,63.28,729736.98
ABE,06/30/17,20.52,20.28,4.89,62.79,729738.44
ABE,09/30/17,10.96,20.61,5.09,61.91,729737.43
ABE,12/31/17,22.54,19.69,5.36,61.2,729736.95
ABE,03/31/18,19.21,18.09,5.7,62.24,729735.25
ABE,06/30/18,-6.04,18.77,5.61,63.47,729734.01
ABE,09/30/18,-1.69,20.77,5.42,63.89,729735.19
ABE,12/31/18,9.9,19.22,5.67,62.98,729734.33
ABF,03/31/14,15.47,15.08,-0.34,30.35,311513
ABF,06/30/14,19.98,13.59,0.05,30.91,311512.62
ABF,09/30/14,15.6,15.54,-0.18,32.3,311514.31
ABF,12/31/14,20.89,16.77,0.13,33.43,311513.37
ABF,03/31/15,-10.29,17.46,0.09,34.18,311514.63
ABF,06/30/15,-13.61,17.94,0.53,35.03,311512.71
ABF,09/30/15,-9.69,16.85,1.03,35.12,311512.09
ABF,12/31/15,4.64,17.06,1.16,35.47,311510.56
ABF,03/31/16,5.8,18.24,1.35,36.93,311510.43
ABF,06/30/16,22.24,16.33,1.39,37.71,311508.93
ABF,09/30/16,14.25,17.79,1.46,38.48,311507.29
ABF,12/31/16,8.23,16.12,1.37,37.99,311505.81
ABF,03/31/17,12.06,14.73,1.36,39.06,311507.29
ABF,06/30/17,1.06,15.17,1.19,39.54,311506.67
ABF,09/30/17,-4.55,14.88,1.13,39.34,311505.8
ABF,12/31/17,-1.07,15.91,1.13,39.49,311507.29
ABF,03/31/18,-2.71,15.12,1.16,39.6,311506.41
ABF,06/30/18,-12.39,13.77,1.14,40.53,311508.15
ABF,09/30/18,20.54,14.85,1.09,40.95,311508.36
ABF,12/31/18,18.8,14.07,1.34,40.9,311507.71
ABG,03/31/14,1.32,17.61,0.28,27.03,782120
ABG,06/30/14,2.21,17.43,0.69,27.88,782119.74
ABG,09/30/14,-3.58,15.87,0.7,28.77,782121.37
ABG,12/31/14,22.66,14.68,0.61,28.95,782122.41
ABG,03/31/15,-6.5,16.02,0.82,30.29,782123.68
ABG,06/30/15,-12.53,16.35,1.26,30.62,782123.17
ABG,09/30/15,8.09,18.13,1.7,30.6,782123.54
ABG,12/31/15,12.48,17.42,1.8,29.8,782122.43
ABG,03/31/16,13.99,18.13,1.89,29.05,782123.37
ABG,06/30/16,-14.47,17.99,2.23,29.1,782124.92
ABG,09/30/16,20.31,19.17,2.66,30.39,782124.15
ABG,12/31/16,-4.61,18.3,2.55,31.74,782124.45
ABG,03/31/17,2.69,17.92,2.75,31.47,782123.08
ABG,06/30/17,18.54,18.89,2.59,30.98,782124.68
ABG,09/30/17,-1.97,18.62,2.96,31.04,782125.19
ABG,12/31/17,-7.26,20.01,2.92,32.32,782126.4
ABG,03/31/18,-1.98,18.13,3.38,33.69,782126.75
ABG,06/30/18,11.91,17.94,3.61,35.58,782127.13
ABG,09/30/18,-1.44,17.27,3.49,36.09,782126.07
ABG,12/31/18,-4.49,19.18,3.31,37.35,782126.78
ABH,03/31/14,-2.48,18.24,3.07,57.59,459771
ABH,06/30/14,5.47,19.36,3.53,57.02,459772.39
ABH,09/30/14,-8.32,20.43,4.02,57.14,459773.85
ABH,12/31/14,8.06,20.3,3.98,57.71,459773.63
ABH,03/31/15,23.02,20.87,3.82,57.87,459775.48
ABH,06/30/15,-11.18,19.66,3.68,58.06,459777.29
ABH,09/30/15,-7.61,21.16,3.53,59.61,459776.71
ABH,12/31/15,-13.9,19.8,3.68,60.22,459778.68
ABH,03/31/16,22.65,18.87,3.82,59.3,459779.09
ABH,06/30/16,8.44,19.06,3.98,60.42,459779.19
ABH,09/30/16,-13.43,20.6,4.33,61.76,459777.31
ABH,12/31/16,21.84,20.72,4.75,61,459775.54
ABH,03/31/17,21.31,20.11,4.84,61.08,459775.29
ABH,06/30/17,8,21.48,5.2,60.29,459776.55
ABH,09/30/17,2.46,19.64,5.44,60.39,459777.31
ABH,12/31/17,10.47,19.49,5.81,61.82,459775.46
ABH,03/31/18,-8.33,18.06,6.21,62.18,459776.58
ABH,06/30/18,23.61,18.07,6.03,63.89,459777.04
ABH,09/30/18,15.48,18.08,5.85,64.96,459777.24
ABH,12/31/18,-7.22,18.97,6.22,66.74,459777.55
ABI,03/31/14,19.16,19.97,4.71,31.57,499382
ABI,06/30/14,-7.95,19.19,4.8,33.46,499382.44
ABI,09/30/14,22.12,20.07,4.75,34.3,499383.18
ABI,12/31/14,-10.7,18.56,4.7,35.83,499384.78
ABI,03/31/15,-14.04,19.69,5.13,36.24,499382.95
ABI,06/30/15,7.07,19.9,5.4,36,499381.15
ABI,09/30/15,-0.39,18.02,5.27,35.95,499380.45
ABI,12/31/15,-10.67,16.62,5.12,36.71,499381.36
ABI,03/31/16,19.62,17.83,5.42,37.3,499382.24
ABI,06/30/16,-2.42,16.54,5.34,39.25,499380.77
ABI,09/30/16,20.13,17,5.8,39.09,499381.24
ABI,12/31/16,1.27,17.59,5.71,40.7,499380.77
ABI,03/31/17,-3.95,19.12,6.2,41.15,499382.69
ABI,06/30/17,19.51,17.44,6.17,40.9,499381
ABI,09/30/17,10.15,17.49,6.65,42.11,499382.98
ABI,12/31/17,-6.83,17.67,7.03,42.04,499384.89
ABI,03/31/18,-12.15,16.12,7.22,42.05,499385.16
ABI,06/30/18,7.2,14.23,7.61,42,499386.88
ABI,09/30/18,-5.67,16.1,7.96,42.8,499388.28
ABI,12/31/18,-13.8,14.14,7.99,43.89,499389.66
ABJ,03/31/14,20.24,9.05,0.08,90.32,784688
ABJ,06/30/14,8.85,9.61,0.15,91.58,784689.79
ABJ,09/30/14,3.99,10.6,0.55,91.38,784690.97
ABJ,12/31/14,-12.83,11.11,0.98,91.34,784692.54
ABJ,03/31/15,7.89,12.75,1.2,93.03,784690.66
ABJ,06/30/15,3.58,12.31,1.2,93.59,784690.34
ABJ,09/30/15,15.1,13.68,1,92.97,784691.7
ABJ,12/31/15,10.28,12.46,0.89,93.29,784691.07
ABJ,03/31/16,5.22,11.35,1.22,94.82,784691.3
ABJ,06/30/16,14.24,13.2,1.27,96.47,784689.39
ABJ,09/30/16,19.63,12.48,1.77,97.25,784691.19
ABJ,12/31/16,-1.21,11.68,2.2,96.34,784691.42
ABJ,03/31/17,-10.88,12.57,2.44,97.45,784691.81
ABJ,06/30/17,0.21,13.16,2.69,97.02,784692.12
ABJ,09/30/17,-6.03,15.05,2.89,96.83,784691.67
ABJ,12/31/17,7.04,16.5,2.75,97.3,784692.65
ABJ,03/31/18,-6.6,15.06,2.73,96.33,784694.59
ABJ,06/30/18,22.18,15.45,3.13,97.49,784693.22
ABJ,09/30/18,16.04,16.37,3.37,98.43,784695.06
ABJ,12/31/18,0.86,16.57,3.26,97.76,784696.27
ABK,03/31/14,1.37,16.42,-0.85,56.45,397433
ABK,06/30/14,8.19,15.05,-0.96,55.92,397434.42
ABK,09/30/14,-7.56,13.52,-0.66,57.64,397435.93
ABK,12/31/14,-7.7,11.52,-0.61,58.38,397434.13
ABK,03/31/15,23.6,13.27,-0.79,57.77,397434.56
ABK,06/30/15,-12.56,11.61,-0.52,57.41,397433.64
ABK,09/30/15,13.32,12.22,-0.18,57.77,397433.3
ABK,12/31/15,-0.14,13.05,0.14,58.65,397434.26
ABK,03/31/16,-8.38,13.58,0.31,59.41,397435.14
ABK,06/30/16,-11.83,12.58,0.17,60.24,397434.62
ABK,09/30/16,7.3,14.16,0.28,61.69,397433.42
ABK,12/31/16,-12.4,14.51,0.05,62.85,397434.11
ABK,03/31/17,18.34,15.45,0.28,63.96,397435.42
ABK,06/30/17,6.86,17.16,0.75,63.08,397434.31
ABK,09/30/17,5.92,17.42,0.58,64.91,397432.48
ABK,12/31/17,9.76,16.28,0.54,64.64,397433.02
ABK,03/31/18,23.78,15.01,0.83,66.06,397431.73
ABK,06/30/18,18.97,13.28,1.32,67.02,397432.78
ABK,09/30/18,2.97,14.59,1.75,68.37,397432.12
ABK,12/31/18,11.91,14.13,2.07,68.42,397432.94
ABL,03/31/14,22.27,16.07,1.19,12.04,972606
ABL,06/30/14,-7.07,16.37,1.35,12.97,972607.87
ABL,09/30/14,-3.08,17.99,1.49,13.93,972607.66
ABL,12/31/14,-7.53,16.96,1.92,14.7,972607.37
ABL,03/31/15,-1.31,18.64,2.1,16.52,972607.7
ABL,06/30/15,17.52,18.9,2.5,16.23,972606.76
ABL,09/30/15,-7,18.82,2.42,15.88,972606.84
ABL,12/31/15,-0.08,17.63,2.33,16.56,972605.57
ABL,03/31/16,2.52,15.98,2.24,17.09,972605.22
ABL,06/30/16,-6.28,14.15,2.72,17.75,972603.33
ABL,09/30/16,7.74,13.06,2.9,17.84,972603.04
ABL,12/31/16,7.64,14.25,3.25,18.71,972602.01
ABL,03/31/17,15.57,13.36,3.39,18.81,972602.9
ABL,06/30/17,10.78,14.06,3.31,20.18,972602.42
ABL,09/30/17,7.19,14.84,3.25,21.17,972604.09
ABL,12/31/17,-13.91,13.69,3.12,22.86,972605.33
ABL,03/31/18,6,15.03,3.55,23.46,972604.58
ABL,06/30/18,-9.78,16.86,3.37,24.14,972606.23
ABL,09/30/18,13.51,16.25,3.52,24.36,972607.13
ABL,12/31/18,-9.75,17.65,3.6,24.39,972608.79
ABM,03/31/14,12.33,8.59,2.54,23.71,205787
ABM,06/30/14,3.79,8.77,2.65,23.53,205788.65
ABM,09/30/14,-7,7.1,2.55,24.8,205789.97
ABM,12/31/14,14.99,8.88,2.46,24.2,205789.23
ABM,03/31/15,3.78,7.63,2.44,24.92,205790.42
ABM,06/30/15,-11.03,9.49,2.83,26.76,205788.61
ABM,09/30/15,1.16,10.04,3.25,28.12,205787.56
ABM,12/31/15,-0.01,10.75,3.42,28.03,205786.16
ABM,03/31/16,11.25,12.27,3.71,28.19,205787.97
ABM,06/30/16,-13.24,13.28,3.98,29.65,205786.3
ABM,09/30/16,15.21,12.72,3.86,29.23,205787.07
ABM,12/31/16,-14.5,12.42,4.28,30.37,205785.7
ABM,03/31/17,14.23,14.16,4.33,31.97,205785.68
ABM,06/30/17,16.34,13.72,4.64,33.74,205786.32
ABM,09/30/17,16.35,15.36,5.02,32.77,205787.12
ABM,12/31/17,-13.46,14.06,4.8,32,205787.09
ABM,03/31/18,16.99,15.3,4.61,33.59,205785.35
ABM,06/30/18,7.33,14.05,5.11,34.67,205784.66
ABM,09/30/18,-5.57,12.98,5.14,34.88,205783.04
ABM,12/31/18,14.5,13.57,4.95,34.98,205781.39
ABN,03/31/14,-5.91,19.63,1.59,35.97,928587
ABN,06/30/14,5.34,19.07,2.08,36.64,928587.52
ABN,09/30/14,9.11,19.45,2.58,36.04,928586.73
ABN,12/31/14,15,19.47,2.62,35.29,928587.31
ABN,03/31/15,15.65,20.44,2.48,34.82,928589.04
ABN,06/30/15,11.6,18.9,2.81,36.04,928587.85
ABN,09/30/15,23.15,17.16,2.92,37.61,928589.07
ABN,12/31/15,-3.63,17.51,3.22,39.04,928589.97
ABN,03/31/16,-2.04,17.36,3.11,38.49,928589.26
ABN,06/30/16,21.42,18.44,3.14,38.1,928590.26
ABN,09/30/16,22.32,17.16,2.96,39.48,928589.22
ABN,12/31/16,20.78,17.86,2.98,39.12,928589.88
ABN,03/31/17,3.94,18.51,2.86,38.66,928587.97
ABN,06/30/17,17.68,17.96,2.61,39.29,928589.31
ABN,09/30/17,15.72,18.2,2.63,41.1,928589.21
ABN,12/31/17,19.41,17.86,2.87,40.46,928587.46
ABN,03/31/18,-4.16,16.29,2.74,41.51,928588.63
ABN,06/30/18,12.72,15.27,2.76,42.03,928587.95
ABN,09/30/18,1.71,15.66,3.17,42.33,928586.63
ABN,12/31/18,8.22,13.93,2.94,42.87,928587.55
ABO,03/31/14,9.05,18.9,4.85,47.87,320688
ABO,06/30/14,-11.57,20.35,4.82,47.25,320688.05
ABO,09/30/14,10.87,21.45,5.02,46.46,320687.62
ABO,12/31/14,-8.09,20.83,5.38,46.06,320689.05
ABO,03/31/15,19.92,22.13,5.86,45.15,320688.15
ABO,06/30/15,-7.48,22.6,6.09,45.37,320688.51
ABO,09/30/15,9.04,21.95,6.44,47.28,320686.88
ABO,12/31/15,23.27,22.26,6.49,47.03,320686.65
ABO,03/31/16,12.94,22.16,6.49,46.7,320685.83
ABO,06/30/16,23.08,23.53,6.48,47.61,320685.46
ABO,09/30/16,9.81,22.25,6.98,48.59,320686.91
ABO,12/31/16,-8.69,20.87,7.32,50.34,320685.23
ABO,03/31/17,9.04,20.36,7.1,52.18,320686.18
ABO,06/30/17,3.21,20.87,7.53,51.55,320688.15
ABO,09/30/17,5.79,19.82,7.77,51.86,320687.1
ABO,12/31/17,22.9,20.34,7.71,53.01,320687.78
ABO,03/31/18,8.29,20.55,7.83,54.96,320689.01
ABO,06/30/18,-13.62,20.11,8.03,54.63,320687.23
ABO,09/30/18,-6.54,20.83,8.38,55.34,320686.1
ABO,12/31/18,-11.98,21.54,8.34,55.09,320687.28
ABP,03/31/14,2.99,17.52,4.06,83.66,621506
ABP,06/30/14,20.53,17.59,4.2,83.33,621506.09
ABP,09/30/14,-1.34,19.09,4.46,85.27,621507.18
ABP,12/31/14,-12.16,20.6,4.76,85.54,621505.88
ABP,03/31/15,8.91,21.94,4.8,86.44,621503.93
ABP,06/30/15,-3.47,21.81,4.63,87.05,621504.11
ABP,09/30/15,-0.12,21.72,4.46,88.43,621503.2
ABP,12/31/15,-9.98,22.58,4.59,87.51,621503.72
ABP,03/31/16,20.75,22.43,4.64,87.97,621504.02
ABP,06/30/16,-14.41,22.9,4.81,89.28,621502.34
ABP,09/30/16,9.54,21.53,4.91,90.81,621501.31
ABP,12/31/16,-10.81,20.31,4.77,90.86,621501.15
ABP,03/31/17,-0.69,21.27,4.86,91.44,621502.34
ABP,06/30/17,7.69,21.28,4.89,91.27,621502.59
ABP,09/30/17,6.17,22.12,5.02,90.45,621504.19
ABP,12/31/17,23.59,23.66,5.16,91.31,621505.59
ABP,03/31/18,6.14,23.18,5.5,90.37,621507.27
ABP,06/30/18,12.34,21.58,5.97,90.19,621507.1
ABP,09/30/18,-5.51,20.06,5.88,89.44,621505.94
ABP,12/31/18,-10.04,20.15,6.18,89.08,621506.8
ABQ,03/31/14,-4.79,18.71,1.84,76.11,587493
ABQ,06/30/14,-10.92,17.31,1.91,76.61,587492.32
ABQ,09/30/14,10.46,15.33,1.92,77.16,587490.35
ABQ,12/31/14,20.88,14.28,2.13,76.17,587489.82
ABQ,03/31/15,-5.32,12.53,2.17,77.39,587491.81
ABQ,06/30/15,-12.58,11.47,2.07,78.89,587491.06
ABQ,09/30/15,-11.07,13.43,2.32,80.44,587489.82
ABQ,12/31/15,18.18,11.8,2.27,81.36,587490.4
ABQ,03/31/16,-0.18,10.07,2.07,81.03,587491.88
ABQ,06/30/16,1.89,11.96,1.97,80.26,587490.48
ABQ,09/30/16,6.36,11.26,1.88,82.12,587490.18
ABQ,12/31/16,-4.91,11.81,2.35,81.19,587491.84
ABQ,03/31/17,0.68,10.08,2.65,81.28,587491.21
ABQ,06/30/17,-5.65,9.83,2.4,83.14,587492.6
ABQ,09/30/17,13.03,9.81,2.68,84,587492.23
ABQ,12/31/17,2.24,9.95,3.06,84.74,587491.74
ABQ,03/31/18,21.36,10.52,2.96,86.18,587491.14
ABQ,06/30/18,10.1,10.37,3.12,87.6,587489.19
ABQ,09/30/18,-9,10.86,3.13,88.32,587489.87
ABQ,12/31/18,6.45,12.11,3.6,88.73,587491.16
ABR,03/31/14,8.25,9.98,3.1,65.01,634536
ABR,06/30/14,10.13,11.09,3.21,64.43,634535.17
ABR,09/30/14,-1.15,11.96,3,63.7,634533.59
ABR,12/31/14,21.33,10.45,3.09,63.9,634534.13
ABR,03/31/15,2.74,11.55,3.55,62.99,634533.66
ABR,06/30/15,0.42,10.8,3.56,62.86,634534.01
ABR,09/30/15,-4.68,11.21,3.61,64.46,634532.84
ABR,12/31/15,7.65,13.06,3.43,63.5,634531.26
ABR,03/31/16,3.9,11.2,3.84,63.63,634532.53
ABR,06/30/16,12.58,12.68,3.59,63.16,634532.59
ABR,09/30/16,17.44,14.14,4,62.99,634533.63
ABR,12/31/16,10.79,15.47,4.3,63.74,634533.8
ABR,03/31/17,1.08,17.11,4.12,64.84,634534.31
ABR,06/30/17,-3.5,15.8,3.87,63.94,634533.7
ABR,09/30/17,19.83,14.29,4.03,65.54,634532.99
ABR,12/31/17,8.83,14.71,4.49,64.63,634532.72
ABR,03/31/18,20.11,16.2,4.78,66.02,634532.19
ABR,06/30/18,-4.08,15.11,5.02,65.14,634531.33
ABR,09/30/18,3.2,13.8,4.99,65.63,634530.07
ABR,12/31/18,22.33,12.18,5.16,65.93,634529.82
ABS,03/31/14,13.95,23.2,0.32,91.26,544968
ABS,06/30/14,22.49,24.34,0.61,92.57,544966.4
ABS,09/30/14,23.82,26.09,0.92,93.99,544967.04
ABS,12/31/14,-3.64,27.64,0.93,93.19,544969.02
ABS,03/31/15,2.01,27.59,1.17,92.78,544967.15
ABS,06/30/15,-12.78,26.79,1.18,93.82,544968.95
ABS,09/30/15,22.92,25.93,0.94,95.01,544968.15
ABS,12/31/15,-9.27,25.34,1.32,96.63,544969.98
ABS,03/31/16,-11.99,23.86,1.15,95.91,544968.03
ABS,06/30/16,4.37,22.14,1.48,96.16,544969.48
ABS,09/30/16,4.21,23.99,1.55,95.38,544967.92
ABS,12/31/16,-9.2,23.39,1.91,95.18,544966.56
ABS,03/31/17,-8.28,24.93,2.34,95.22,544966.29
ABS,06/30/17,8.22,23.26,2.74,95.93,544965.38
ABS,09/30/17,-5.52,21.74,2.53,96.75,544964.8
ABS,12/31/17,22.28,20.37,2.34,97.92,544965.56
ABS,03/31/18,15.68,21,2.56,99.07,544966.73
ABS,06/30/18,-14.28,21.54,3.02,99.46,544967.81
ABS,09/30/18,3.91,20.2,3.41,99.13,544969.58
ABS,12/31/18,16.02,18.59,3.42,99.76,544970.66
ABT,03/31/14,-2.59,29.34,3.96,1.58,832696
ABT,06/30/14,-4.17,29.77,3.74,1.47,832696.29
ABT,09/30/14,6.45,30.97,3.9,1.86,832696.09
ABT,12/31/14,17.69,30.58,3.96,0.95,832695.87
ABT,03/31/15,-1.2,31.88,3.73,-0.05,832694.57
ABT,06/30/15,14.91,33.37,3.51,0.89,832696.53
ABT,09/30/15,23.08,34.52,3.49,1.68,832697.73
ABT,12/31/15,9.19,34.95,3.96,2.26,832696.76
ABT,03/31/16,14.79,35.54,4.12,3.92,832696.11
ABT,06/30/16,22.44,35.98,3.92,4.85,832695.57
ABT,09/30/16,1.41,37.31,4.3,4.38,832696.52
ABT,12/31/16,14.43,39.07,4.6,5.49,832696.11
ABT,03/31/17,-10.11,39.59,5.1,6.8,832696.04
ABT,06/30/17,3.62,40.47,4.99,8.43,832696.67
ABT,09/30/17,-8.53,41.31,5.45,9.59,832695.33
ABT,12/31/17,-14.37,43.24,5.22,10.18,832695.32
ABT,03/31/18,-11.56,43.17,5.13,9.74,832695.72
ABT,06/30/18,6.57,43.07,5.32,10.66,832694.25
ABT,09/30/18,-0.87,41.54,5.49,11.05,832694.49
ABT,12/31/18,23.63,39.64,5.7,11.02,832695.55
ABU,03/31/14,14.96,25.32,4.31,84.59,60964
ABU,06/30/14,0.29,26.11,4.58,85.27,60964.23
ABU,09/30/14,9.87,24.4,4.85,84.37,60965.76
ABU,12/31/14,18.65,23.86,5.1,84.52,60966.83
ABU,03/31/15,4.01,24.61,5.03,84.94,60967.06
ABU,06/30/15,7.72,25.05,4.87,84.3,60966.55
ABU,09/30/15,7.12,26.46,4.98,83.55,60964.72
ABU,12/31/15,2.37,28.3,4.87,85.25,60964.17
ABU,03/31/16,5.97,29.66,5.16,84.68,60963.53
ABU,06/30/16,-14.14,31.14,5.52,83.88,60962.94
ABU,09/30/16,-4.96,31.76,5.63,83.37,60963.78
ABU,12/31/16,-13.01,32.32,5.59,84.98,60962.59
ABU,03/31/17,14.67,31.49,5.52,86.31,60962.26
ABU,06/30/17,17.16,32.6,5.95,85.46,60961.12
ABU,09/30/17,11.08,33.21,6.45,87.31,60960.99
ABU,12/31/17,21.35,34.22,6.73,87.86,60962.98
ABU,03/31/18,6.98,33.76,7.17,87.71,60964.94
ABU,06/30/18,12.83,33.01,7.58,87.53,60965.09
ABU,09/30/18,-13.97,34.86,8.05,87.81,60964.47
ABU,12/31/18,10,35,7.9,87.76,60964.11
ABV,03/31/14,20.42,10.32,0.8,2.47,982293
ABV,06/30/14,-11.31,9.99,0.76,4.38,982293.48
ABV,09/30/14,-5.72,8.22,0.76,5.92,982294.13
ABV,12/31/14,20.9,7.38,0.61,5.13,982295.27
ABV,03/31/15,-13.71,6.31,0.64,4.41,982294.9
ABV,06/30/15,-4.98,4.68,0.86,4.06,982293.07
ABV,09/30/15,14.48,6.51,0.99,3.21,982291.58
ABV,12/31/15,20.02,6.68,1.1,4.84,982291.54
ABV,03/31/16,13.51,5.97,1.14,5.96,982293.3
ABV,06/30/16,21.33,7.91,1.07,7.46,982292.43
ABV,09/30/16,-9.55,7.33,1.2,7.19,982294.15
ABV,12/31/16,20.85,8.1,1.65,6.19,982292.64
ABV,03/31/17,-11.77,6.41,1.9,6.5,982294.34
ABV,06/30/17,18.32,5.56,1.92,6.24,982295.31
ABV,09/30/17,-3.57,3.68,2.17,6.55,982293.45
ABV,12/31/17,-6.06,3.04,2.21,7.2,982294.55
ABV,03/31/18,15.28,3.66,2.03,6.87,982293.72
ABV,06/30/18,0.8,2.8,2.3,6.34,982294.81
ABV,09/30/18,4.51,2.87,2.4,6.15,982295.48
ABV,12/31/18,23.3,1.07,2.78,6.18,982296.26
ABW,03/31/14,6.74,24.44,0.2,59.96,820299
ABW,06/30/14,18.88,25.64,0.01,61.38,820298.9
ABW,09/30/14,-5.95,24.98,0.13,63.22,820297.01
ABW,12/31/14,-11.94,23.68,0.52,62.24,820297.39
ABW,03/31/15,-11.21,22.19,0.34,62.36,820295.39
ABW,06/30/15,-2.77,21.68,0.84,63.34,820295.71
ABW,09/30/15,13.94,23.57,0.77,62.42,820294.15
ABW,12/31/15,-3,23.97,1.06,63.68,820293.42
ABW,03/31/16,8.25,24.09,1.11,64.16,820292.62
ABW,06/30/16,20.64,25.5,1.1,63.81,820291.23
ABW,09/30/16,5.44,26.31,1.05,63.59,820292.32
ABW,12/31/16,-2.57,24.37,1.03,65.29,820294.01
ABW,03/31/17,21.09,24.6,0.98,64.8,820292.9
ABW,06/30/17,-13.19,24.73,1.16,66.4,820294.49
ABW,09/30/17,12.76,25.89,1.41,67.28,820294.76
ABW,12/31/17,18.35,27.49,1.42,67.65,820295.74
ABW,03/31/18,7.93,27.39,1.91,68.66,820295.92
ABW,06/30/18,23.83,25.46,1.79,68.97,820295.24
ABW,09/30/18,-4.23,23.61,2.24,69.29,820295.48
ABW,12/31/18,18.21,24.63,2.2,70,820296.1
ABX,03/31/14,-8.97,10.18,2.73,71.65,360630
ABX,06/30/14,5.56,10.03,2.56,73.58,360631.38
ABX,09/30/14,-5.94,9.74,2.51,73.35,360632.86
ABX,12/31/14,-5.78,10.32,2.41,75.26,360632.99
ABX,03/31/15,-5.33,9.22,2.34,75.49,360632.42
ABX,06/30/15,4.11,8.53,2.79,75.26,360631.26
ABX,09/30/15,17.4,7.2,2.98,76.42,360630.99
ABX,12/31/15,-2.53,8.18,3.08,77.9,360632.21
ABX,03/31/16,-2.74,6.19,2.85,79.71,360632.83
ABX,06/30/16,11.82,6.2,2.65,80.67,360631
ABX,09/30/16,12.25,5.52,2.78,80.96,360632.13
ABX,12/31/16,17.84,4.3,2.59,82.96,360632.35
ABX,03/31/17,-2.15,3.18,2.76,84.92,360632.79
ABX,06/30/17,9.76,2.05,2.81,85.12,360633.9
ABX,09/30/17,-1,2.37,2.98,86.45,360632.54
ABX,12/31/17,8.73,2.56,2.88,86.44,360631.37
ABX,03/31/18,7.52,4.51,2.63,88.13,360632.31
ABX,06/30/18,14.72,3.98,3.1,89.1,360633.46
ABX,09/30/18,23.15,2.33,3.56,89.18,360632.31
ABX,12/31/18,-11.15,1.28,3.97,90.38,360633.69
ABY,03/31/14,-8.24,20.14,4.42,91.48,303165
ABY,06/30/14,10.04,18.55,4.65,90.77,303163.07
ABY,09/30/14,10.79,18.37,4.84,92.23,303162.56
ABY,12/31/14,14.29,19.68,5.18,92.37,303161.13
ABY,03/31/15,6.41,19.95,5.26,92.57,303160.08
ABY,06/30/15,3.54,19,5.67,92.99,303159.62
ABY,09/30/15,-12.51,18.79,5.6,93.21,303160.16
ABY,12/31/15,23.22,17.73,5.95,93.85,303160.14
ABY,03/31/16,1.76,16.69,6.42,95.46,303159.23
ABY,06/30/16,-13.4,15.66,6.68,95.19,303158.01
ABY,09/30/16,17.61,16.62,6.63,94.43,303158.66
ABY,12/31/16,-4.39,15.69,6.6,93.88,303157.17
ABY,03/31/17,4.07,14.44,6.53,93.05,303155.85
ABY,06/30/17,18.77,14.15,6.72,92.61,303156.46
ABY,09/30/17,1.8,15.44,6.64,93.69,303155
ABY,12/31/17,20.55,16.34,6.99,93.99,303154.5
ABY,03/31/18,-6.76,16.06,7.07,93.65,303155.81
ABY,06/30/18,21.56,17.25,6.89,94.25,303156.25
ABY,09/30/18,-4.9,18.89,7.05,94.87,303158.1
ABY,12/31/18,15,19.33,7.47,96.04,303159.81
ABZ,03/31/14,-6.58,10.47,4.26,82.14,637814
ABZ,06/30/14,9.64,11.12,4.72,81.23,637815.68
ABZ,09/30/14,6.61,11.2,5.07,80.36,637815.57
ABZ,12/31/14,6.64,13.09,4.93,81.54,637815.46
ABZ,03/31/15,18.74,14.31,5.24,83.34,637815.75
ABZ,06/30/15,-3.27,13.15,5.39,84.23,637816.82
ABZ,09/30/15,-12.3,11.4,5.73,85.46,637816.03
ABZ,12/31/15,-12.27,12.07,5.73,86.93,637816.17
ABZ,03/31/16,5.6,11.82,5.8,88.04,637817.96
ABZ,06/30/16,-12.28,10.66,6.23,89.11,637819.66
ABZ,09/30/16,5.77,12.48,6.31,89.96,637818.57
ABZ,12/31/16,14,12.3,6.53,91.09,637820.39
ABZ,03/31/17,-7.29,11.16,6.98,92,637819.93
ABZ,06/30/17,-3.73,13,6.92,93.38,637821.88
ABZ,09/30/17,0.87,12.31,6.79,92.72,637821.33
ABZ,12/31/17,8.86,11.88,7.2,92.27,637822.21
ABZ,03/31/18,2.1,12.65,7.33,93.54,637823.36
ABZ,06/30/18,4.74,14.37,7.15,92.78,637824.29
ABZ,09/30/18,17.37,12.54,7.39,93.73,637822.66
ABZ,12/31/18,1.09,10.56,7.59,94.02,637820.95
ACA,03/31/14,-6.19,28.37,-0.82,68.04,647040
ACA,06/30/14,21.03,29.54,-0.57,67.67,647041.69
ACA,09/30/14,20.63,29.81,-0.41,68.66,647042.8
ACA,12/31/14,14.63,28.03,-0.13,69.54,647042.51
ACA,03/31/15,14.65,29.05,0.34,70.4,647041.06
ACA,06/30/15,1.53,30.31,0.23,70.86,647042.26
ACA,09/30/15,-12.42,29.97,0.48,71.17,647041.33
ACA,12/31/15,1.97,28.22,0.6,72.57,647042.83
ACA,03/31/16,-0.98,26.26,1.06,72.59,647041.53
ACA,06/30/16,4.4,27.63,0.96,73.19,647042.92
ACA,09/30/16,-0.88,27.19,1.02,74.9,647042.99
ACA,12/31/16,3.16,27.58,1.33,76.87,647043.91
ACA,03/31/17,2.5,27.9,1.57,76.72,647043.11
ACA,06/30/17,-6.43,27.56,1.68,77.57,647043.52
ACA,09/30/17,11.53,28.54,2.04,78.7,647041.71
ACA,12/31/17,15.17,28.59,2.25,79.77,647042.65
ACA,03/31/18,10.49,28.15,2.07,80.98,647043.62
ACA,06/30/18,-5.72,28.37,1.96,82.52,647044.5
ACA,09/30/18,7.12,26.42,2.18,83.22,647046.48
ACA,12/31/18,10.54,27.5,2.22,82.87,647045.62
ACB,03/31/14,-14.17,14.09,2.27,6.42,189036
ACB,06/30/14,-4.56,13.88,2.23,6.4,189036.01
ACB,09/30/14,-11.19,13.65,2.45,8.16,189037.29
ACB,12/31/14,22.94,12.8,2.91,10.01,189037.07
ACB,03/31/15,6.71,13.06,3.27,10.7,189036.86
ACB,06/30/15,-12.22,12.36,3.16,10.7,189037.02
ACB,09/30/15,0.83,13.39,3.63,11.34,189035.57
ACB,12/31/15,19.33,12.65,3.86,13.02,189034.21
ACB,03/31/16,6.28,11.78,4.02,12.94,189033.67
ACB,06/30/16,12.47,11.19,4.06,13.37,189034.71
ACB,09/30/16,22.41,11.06,4.26,14.47,189035.92
ACB,12/31/16,22.84,11.38,4.6,14.35,189036.89
ACB,03/31/17,13.73,11.43,5,14.71,189035.52
ACB,06/30/17,-10.15,11.68,5.09,15.5,189034.71
ACB,09/30/17,-2.17,12.93,5.24,16.8,189035.14
ACB,12/31/17,-3.51,11.76,5.59,16.29,189036
ACB,03/31/18,12.3,10.07,5.93,17.48,189036.79
ACB,06/30/18,-8.83,11.3,6.3,18.16,189037.62
ACB,09/30/18,23.97,12.56,6.42,17.38,189036.39
ACB,12/31/18,5.29,12.8,6.79,18.14,189036.93
ACC,03/31/14,3.14,25.71,3.32,48.1,117133
ACC,06/30/14,18.38,24.1,3.37,48.05,117131.87
ACC,09/30/14,-6.52,22.23,3.77,47.69,117130.55
ACC,12/31/14,18.64,20.58,4.26,47.49,117129.15
ACC,03/31/15,-8.73,19.79,4.23,48.98,117130.97
ACC,06/30/15,21.75,21.45,4.53,48.93,117131.51
ACC,09/30/15,8.32,19.75,4.75,48.45,117133.45
ACC,12/31/15,20.17,19.03,4.71,50,117132.25
ACC,03/31/16,18.91,17.16,4.87,50.84,117132.18
ACC,06/30/16,1.05,17.59,5.34,51.67,117131.31
ACC,09/30/16,12.93,18.67,5.76,53.36,117129.37
ACC,12/31/16,21.56,19.05,5.77,53.96,117128.16
ACC,03/31/17,4.37,20.07,6.24,53.76,117128.27
ACC,06/30/17,-1.09,19.18,6.08,55.02,117128.15
ACC,09/30/17,-13.84,20.48,5.9,56.78,117127.96
ACC,12/31/17,-0.47,19.1,6.34,55.82,117129.88
ACC,03/31/18,16.17,18.14,6.76,55.81,117128.76
ACC,06/30/18,-1,18.52,7.24,55.26,117129.77
ACC,09/30/18,4.28,20.01,7.42,56.18,117128.5
ACC,12/31/18,11.47,21.57,7.23,57.62,117129.36
ACD,03/31/14,21.13,28.97,3.05,21.86,109785
ACD,06/30/14,-0.19,30.24,3.33,22.45,109786.51
ACD,09/30/14,-7.08,31.47,3.39,22.74,109788.08
ACD,12/31/14,12.44,32.23,3.14,21.79,109790
ACD,03/31/15,11.49,33.04,2.97,21.11,109790.7
ACD,06/30/15,9.13,33.37,2.86,21.83,109791.9
ACD,09/30/15,4.62,34.66,2.88,23.72,109792.07
ACD,12/31/15,-13.37,35.21,2.87,23.73,109791.52
ACD,03/31/16,-7.79,33.64,2.68,24.61,109789.68
ACD,06/30/16,15.13,34.93,2.91,24.76,109788.03
ACD,09/30/16,-8.21,33.15,2.77,25.16,109786.83
ACD,12/31/16,9.6,33.28,2.52,26.93,109788.68
ACD,03/31/17,20.09,34.83,2.55,25.93,109788.25
ACD,06/30/17,16.07,35.06,3.04,27.56,109787.33
ACD,09/30/17,20.86,36.63,2.85,28.19,109786.63
ACD,12/31/17,3.99,37.76,3.19,29.28,109785.38
ACD,03/31/18,14.55,37.25,3.53,29.47,109786.58
ACD,06/30/18,13.2,37.47,3.3,28.73,109785.18
ACD,09/30/18,18.21,38.13,3.71,28.97,109784.05
ACD,12/31/18,23.58,39.02,3.61,29.69,109782.39
ACE,03/31/14,11.31,6.2,4.78,55.1,696641
ACE,06/30/14,16.23,7.79,5,56.38,696639.75
ACE,09/30/14,-10.86,7.67,5.01,56.94,696639.91
ACE,12/31/14,13.72,6.95,4.85,57.39,696641.57
ACE,03/31/15,8.54,8.58,5.04,59.02,696641.36
ACE,06/30/15,-14.52,7.18,5.19,58.39,696640.49
ACE,09/30/15,15.95,5.37,5.15,58.46,696640.43
ACE,12/31/15,4.11,5.79,5.24,60.03,696641.92
ACE,03/31/16,0.18,5.45,5.45,59.05,696640.84
ACE,06/30/16,-2.99,4.12,5.94,58.86,696640.16
ACE,09/30/16,7.08,4.67,6.02,59.76,696639.06
ACE,12/31/16,13,3.19,5.87,59.41,696639.02
ACE,03/31/17,9.19,1.34,6.31,61.31,696639.64
ACE,06/30/17,3.81,0.35,6.75,60.96,696638.45
ACE,09/30/17,-7.46,-0.62,6.66,62.86,696636.64
ACE,12/31/17,2.49,-0.24,6.98,62.93,696635.03
ACE,03/31/18,-1.44,0.25,6.77,64.42,696636.04
ACE,06/30/18,0.66,0.09,7.22,65.47,696634.41
ACE,09/30/18,-0.64,-0.07,7.5,66.46,696632.76
ACE,12/31/18,-1.61,-0.58,7.8,66.52,696632.4
ACF,03/31/14,-7.62,24.48,2.09,15.05,213489
ACF,06/30/14,8.94,24.52,2.59,15.84,213489.93
ACF,09/30/14,2.21,22.85,2.66,14.93,213489.03
ACF,12/31/14,-12.52,21.06,2.51,14.05,213490.57
ACF,03/31/15,-8.63,19.55,2.76,14.76,213490.26
ACF,06/30/15,10.32,18.49,3.15,16.29,213489.11
ACF,09/30/15,-7.89,17.67,3.53,16.8,213488.54
ACF,12/31/15,13.14,19.32,3.94,16.55,213489.07
ACF,03/31/16,-4.58,20.48,4.29,17.72,213488.62
ACF,06/30/16,-6.35,19.78,4.28,16.84,213489
ACF,09/30/16,-10.14,21.36,4.46,18.17,213489.48
ACF,12/31/16,-6.1,21.84,4.25,19.82,213487.6
ACF,03/31/17,-7.22,21.79,4.61,21.71,213486.52
ACF,06/30/17,22.61,23.17,5.11,21.76,213487.28
ACF,09/30/17,9,22,4.92,20.82,213486.1
ACF,12/31/17,-7.7,21.16,4.89,22.7,213487.01
ACF,03/31/18,-7.62,20.16,4.8,22.89,213487.41
ACF,06/30/18,-11.32,18.67,4.71,24.12,213487.07
ACF,09/30/18,3.65,18.31,4.95,25,213487.19
ACF,12/31/18,10.21,18.13,5.11,26.11,213487.11
ACG,03/31/14,7.66,29.38,3.7,66.02,156948
ACG,06/30/14,15.61,29.55,3.96,66.49,156946.01
ACG,09/30/14,17.91,31,4,66.43,156945.52
ACG,12/31/14,16.63,29.49,4.04,65.64,156943.84
ACG,03/31/15,5.79,29.32,3.98,65.43,156943.24
ACG,06/30/15,-11.94,30.59,4.04,66.95,156944.69
ACG,09/30/15,-8.75,31.2,4.27,67.78,156946.25
ACG,12/31/15,-0.4,30.45,4.45,68.67,156944.82
ACG,03/31/16,-5.86,31.26,4.45,70.04,156945.08
ACG,06/30/16,16.82,32.39,4.9,69.65,156943.62
ACG,09/30/16,12.51,32.93,4.77,71.51,156943.14
ACG,12/31/16,16.73,33.46,4.73,73.35,156944.49
ACG,03/31/17,10.02,31.84,5.04,72.85,156944.06
ACG,06/30/17,-11.86,30.02,5.23,73.62,156942.56
ACG,09/30/17,-10.75,28.98,5,74.13,156944.55
ACG,12/31/17,-11.66,28.06,5.46,73.74,156946.33
ACG,03/31/18,8.75,28.25,5.85,73.31,156946.16
ACG,06/30/18,-1.46,29.77,5.91,72.96,156947.08
ACG,09/30/18,6.61,30.08,6.28,74.9,156948.88
ACG,12/31/18,13.03,30.38,6.41,75.88,156947.61
ACH,03/31/14,22.64,21.27,2.65,1.47,96754
ACH,06/30/14,-7.87,20.76,3.08,1.3,96752.49
ACH,09/30/14,15.96,21.18,3.45,0.33,96753.84
ACH,12/31/14,1.78,19.88,3.95,0.21,96754.5
ACH,03/31/15,6.33,21.47,3.71,-0.6,96754.42
ACH,06/30/15,18.17,22.53,3.54,-0.23,96752.42
ACH,09/30/15,15.61,22.48,3.63,-1.19,96750.76
ACH,12/31/15,-14.84,22.39,3.44,-0.26,96749.05
ACH,03/31/16,15.53,21.03,3.83,1.08,96748.41
ACH,06/30/16,6.52,20.32,4.12,1.67,96746.67
ACH,09/30/16,1.98,19.56,4.62,1.94,96747.11
ACH,12/31/16,17.39,17.78,4.46,2.23,96745.74
ACH,03/31/17,19.04,18.34,4.73,2.72,96745.82
ACH,06/30/17,4.44,18.51,4.72,3.91,96745.37
ACH,09/30/17,12.42,20.2,4.55,5.05,96743.82
ACH,12/31/17,-9.92,20.56,4.99,5.85,96744.02
ACH,03/31/18,-3.48,19.6,4.85,5.33,96742.84
ACH,06/30/18,-4.03,19.19,4.64,5.85,96742.39
ACH,09/30/18,-6.99,19.42,4.71,7.63,96740.51
ACH,12/31/18,19.76,20.34,4.51,6.65,96741.61
ACI,03/31/14,22.01,6.75,4.73,49.63,167300
ACI,06/30/14,0.94,6.14,4.79,51.09,167298.05
ACI,09/30/14,20.05,7.11,5.03,52.88,167296.72
ACI,12/31/14,17.53,7.99,5.3,52.12,167296.21
ACI,03/31/15,-4.47,9.82,5.61,51.74,167297.03
ACI,06/30/15,8.38,10.79,5.73,50.86,167298.2
ACI,09/30/15,10.51,9.52,6.09,52.36,167300.07
ACI,12/31/15,-8.09,9.66,6.41,53.25,167298.28
ACI,03/31/16,4.61,9.66,6.74,54.55,167296.43
ACI,06/30/16,18.47,9.51,6.76,56.24,167295.69
ACI,09/30/16,-10.5,10.64,7.08,56.59,167296.35
ACI,12/31/16,5.32,11.16,7.17,56.67,167295.32
ACI,03/31/17,-7.58,10.3,7.39,57.86,167296.83
ACI,06/30/17,1.58,9.85,7.61,57.46,167295.78
ACI,09/30/17,-7.96,9.15,8.08,58.79,167296.37
ACI,12/31/17,9.69,7.51,7.93,58,167296.64
ACI,03/31/18,-4.51,8.25,8.3,57.91,167298.63
ACI,06/30/18,19.03,7.88,8.26,57.63,167299.99
ACI,09/30/18,-1.75,8.94,8.3,57.55,167300.88
ACI,12/31/18,18.58,9.68,8.58,56.8,167300.45
ACJ,03/31/14,17.16,24.97,1.42,15.47,623618
ACJ,06/30/14,11.21,25.42,1.81,14.51,623619.3
ACJ,09/30/14,9.54,24.92,1.99,15.74,623619.78
ACJ,12/31/14,21.09,26.87,2.35,17.21,623620.8
ACJ,03/31/15,4.92,26.49,2.48,16.35,623620.04
ACJ,06/30/15,-4.12,28.37,2.78,17.95,623620.96
ACJ,09/30/15,6.69,26.5,2.84,18.38,623620.42
ACJ,12/31/15,-10.72,26.4,2.97,17.79,623620.14
ACJ,03/31/16,16.28,25.17,3.3,18.53,623618.7
ACJ,06/30/16,-12.16,25.48,3.44,19.64,623618.65
ACJ,09/30/16,-7.11,25.61,3.83,18.9,623619.16
ACJ,12/31/16,-6.5,27.48,4.23,19.46,623617.92
ACJ,03/31/17,-3.04,26.98,4.39,20.48,623618.21
ACJ,06/30/17,-3.47,27.48,4.71,22.28,623618.2
ACJ,09/30/17,18.33,26.39,4.92,23,623618.09
ACJ,12/31/17,-7.36,25.01,5.25,23.48,623619.27
ACJ,03/31/18,17.81,25.22,5.25,23.43,623618.74
ACJ,06/30/18,-9.79,25.36,5.65,24.33,623616.83
ACJ,09/30/18,13.02,26.58,5.97,24.95,623618.76
ACJ,12/31/18,23.05,24.69,5.74,26.82,623620.11
ACK,03/31/14,1.55,22.94,0.27,31.57,401900
ACK,06/30/14,-11.19,21.27,0.73,32.3,401899.61
ACK,09/30/14,-14.59,20.65,1.2,33.33,401897.68
ACK,12/31/14,16.07,22.05,1.43,33.19,401898.37
ACK,03/31/15,-12.16,22.17,1.6,35.03,401897.41
ACK,06/30/15,7.66,22.36,1.73,35.59,401897.39
ACK,09/30/15,-13.53,21.84,2.11,34.67,401897.56
ACK,12/31/15,14.65,22.07,2.45,34.84,401897.87
ACK,03/31/16,-8.58,23.81,2.28,36.25,401896.81
ACK,06/30/16,-12.76,23.51,2.09,37.56,401895.37
ACK,09/30/16,4.78,25.31,2.22,37.86,401893.49
ACK,12/31/16,18.16,25.05,2.26,38.82,401891.91
ACK,03/31/17,23.82,23.3,2.59,38.72,401891.82
ACK,06/30/17,12.57,21.8,3,39.87,401892.85
ACK,09/30/17,17.97,20.46,2.85,40.16,401893.82
ACK,12/31/17,-8.28,22.33,3.28,41.45,401892.13
ACK,03/31/18,22.31,21.41,3.09,43.09,401893.37
ACK,06/30/18,-10.88,20.83,2.92,43.95,401894.81
ACK,09/30/18,6.85,21.54,2.9,45.79,401896.33
ACK,12/31/18,3.41,20.13,2.94,45.64,401896.87
ACL,03/31/14,21.16,6.53,1.17,35.45,738204
ACL,06/30/14,-5.77,4.64,1.36,35.25,738202.55
ACL,09/30/14,15.91,6.22,1.42,36.18,738204.41
ACL,12/31/14,12.68,6.23,1.61,36,738206
ACL,03/31/15,7,6.32,1.99,37.83,738204.23
ACL,06/30/15,0.45,7.63,1.87,36.94,738204.28
ACL,09/30/15,-14.29,6.44,1.91,38.8,738202.98
ACL,12/31/15,8.47,5.66,1.97,40.16,738201.99
ACL,03/31/16,12.7,4.56,2.38,39.3,738202.56
ACL,06/30/16,-13.67,4.3,2.27,39.09,738202.45
ACL,09/30/16,-10.25,5.77,2.21,41.05,738204.14
ACL,12/31/16,-11.04,4.17,2.16,40.07,738203.61
ACL,03/31/17,20.26,5.85,2,39.43,738203.58
ACL,06/30/17,-0.31,7.6,1.81,40.86,738201.67
ACL,09/30/17,-3.89,7.4,2.27,40.02,738200.01
ACL,12/31/17,17.85,8.72,2.6,39.75,738200.83
ACL,03/31/18,9.04,8.97,2.88,40.63,738202.26
ACL,06/30/18,-1.68,8.82,3.2,40.14,738203.62
ACL,09/30/18,14.13,10.04,3.62,39.63,738205.09
ACL,12/31/18,4.62,10.69,3.61,38.69,738205.18
ACM,03/31/14,0.46,28.19,4.4,17.97,23223
ACM,06/30/14,3.2,26.29,4.31,18.65,23225
ACM,09/30/14,16.85,25.62,4.27,18.1,23223.63
ACM,12/31/14,15.45,24.2,4.57,19.61,23225.47
ACM,03/31/15,18.66,26.1,4.93,20.21,23223.59
ACM,06/30/15,8.05,27.58,4.72,22.11,23223.08
ACM,09/30/15,12,27.24,4.74,22.57,23224.45
ACM,12/31/15,-12.54,28.52,4.73,21.57,23222.77
ACM,03/31/16,22.74,27.34,4.92,22.17,23221.76
ACM,06/30/16,12.68,29.15,4.88,23.55,23221.74
ACM,09/30/16,-14.71,29.33,5.13,25.18,23221.61
ACM,12/31/16,0.54,27.33,5.18,24.83,23222.82
ACM,03/31/17,23.62,26.17,4.93,23.98,23221.23
ACM,06/30/17,14.37,25.02,5.08,25.64,23220.03
ACM,09/30/17,-5.19,27.01,4.97,25.42,23220.82
ACM,12/31/17,-13.76,27.42,5.45,25.78,23220.84
ACM,03/31/18,10.75,29.07,5.47,25.45,23219.75
ACM,06/30/18,-10.3,27.29,5.94,26.81,23219.04
ACM,09/30/18,-8.52,27.57,5.69,26.99,23219.32
ACM,12/31/18,12.19,27.61,5.66,27.72,23219.85
ACN,03/31/14,8.47,13.86,4.84,21.35,821691
ACN,06/30/14,-9.91,14.83,5.18,22.79,821692.43
ACN,09/30/14,3.32,16.57,5.05,22.02,821691.63
ACN,12/31/14,4.84,15.29,5.2,23.98,821689.94
ACN,03/31/15,7.11,15.71,5.47,25.72,821691.62
ACN,06/30/15,-0.86,14.97,5.7,27.63,821692.21
ACN,09/30/15,0.43,13.96,5.52,27.69,821690.79
ACN,12/31/15,23.46,13.26,5.94,27.05,821690.54
ACN,03/31/16,17.9,12.78,5.69,26.06,821689.35
ACN,06/30/16,5.31,12.9,6.12,27.48,821689.59
ACN,09/30/16,-9.84,11.11,6.43,29.45,821687.87
ACN,12/31/16,-11.12,9.61,6.53,28.95,821686
ACN,03/31/17,13.19,10.59,6.99,29.11,821686.08
ACN,06/30/17,5.67,9.94,7.27,28.17,821687.01
ACN,09/30/17,12.23,8.98,7.56,28.21,821687.19
ACN,12/31/17,-3.71,9.24,7.4,27.59,821687.02
ACN,03/31/18,0.15,8.55,7.5,29.21,821687.76
ACN,06/30/18,17.94,7.03,7.31,29.43,821686.2
ACN,09/30/18,-12.65,8.34,7.44,28.65,821684.67
ACN,12/31/18,20.18,8.07,7.77,30.34,821684.35
ACO,03/31/14,-12.43,17.29,0.67,90.3,822958
ACO,06/30/14,-13.24,15.98,0.42,90.58,822959.17
ACO,09/30/14,9.21,15.19,0.33,89.67,822960.42
ACO,12/31/14,22.18,13.31,0.25,90.9,822961.54
ACO,03/31/15,-13.65,15.15,0.25,90.32,822963.26
ACO,06/30/15,-8.65,15.89,0.34,92.08,822964.85
ACO,09/30/15,-6.99,14.78,0.57,92.96,822965.39
ACO,12/31/15,8.99,14.88,0.65,92.07,822964.33
ACO,03/31/16,7.85,14.57,0.97,91.39,822966.27
ACO,06/30/16,14.3,13.33,0.97,91.56,822967.58
ACO,09/30/16,3.73,12,1.16,90.75,822965.9
ACO,12/31/16,21.16,12.17,1.43,91.13,822965.01
ACO,03/31/17,23.42,10.62,1.23,91.86,822966.26
ACO,06/30/17,-4.82,8.95,1.47,93.1,822966.94
ACO,09/30/17,-4.17,10.57,1.75,92.67,822965.26
ACO,12/31/17,-6.54,9.83,1.6,92.54,822965.49
ACO,03/31/18,-0.68,10.5,1.6,94.4,822967.38
ACO,06/30/18,16.77,12.38,1.83,94.72,822967.99
ACO,09/30/18,4.3,11.01,1.96,94.85,822968.26
ACO,12/31/18,-4.69,10.54,2.16,94.13,822967.86
ACP,03/31/14,-14.82,6.59,4.5,10.64,908583
ACP,06/30/14,-12.06,6.41,4.64,11.16,908583.55
ACP,09/30/14,0.23,4.51,4.73,12.49,908583.37
ACP,12/31/14,23.37,2.88,4.85,14.03,908584.74
ACP,03/31/15,22.25,2.09,4.72,14.14,908583.45
ACP,06/30/15,6.85,3.94,4.78,15.68,908582.34
ACP,09/30/15,-2.53,2.08,5.23,15.41,908583.73
ACP,12/31/15,-13.96,0.64,5.16,17,908583.05
ACP,03/31/16,-6.28,2.04,5.12,17.97,908584.17
ACP,06/30/16,-12.3,1.81,5,18.67,908583.15
ACP,09/30/16,-6.22,3.57,5.39,20.22,908581.84
ACP,12/31/16,-7.01,4.87,5.31,21.8,908581.22
ACP,03/31/17,16.42,5.18,5.44,21.11,908581.22
ACP,06/30/17,-0.61,5.45,5.56,21.91,908579.68
ACP,09/30/17,1.99,6.67,5.79,21.77,908577.85
ACP,12/31/17,-11.91,6.91,5.91,22.41,908576.49
ACP,03/31/18,16.55,5.46,6.14,23.88,908575.86
ACP,06/30/18,17.26,4.7,6.17,25.55,908575.21
ACP,09/30/18,5.01,2.77,6.14,24.68,908574.28
ACP,12/31/18,18.1,1.88,6.05,26.56,908573.82
ACQ,03/31/14,5.1,23.07,2.17,75.43,403460
ACQ,06/30/14,-9.06,23,2.07,77.41,403461.99
ACQ,09/30/14,3.56,22.26,2.03,77.66,403463.16
ACQ,12/31/14,5.91,21.35,1.8,77.97,403461.72
ACQ,03/31/15,-4.37,20.14,2.16,79.38,403460.43
ACQ,06/30/15,6.82,18.24,2.62,80.25,403461.06
ACQ,09/30/15,13.77,19.21,2.61,81.54,403461.83
ACQ,12/31/15,-0.54,19.94,2.5,83.17,403463.63
ACQ,03/31/16,21.46,21.27,2.79,83.19,403464.58
ACQ,06/30/16,16.52,19.87,2.96,82.66,403462.85
ACQ,09/30/16,4.21,20.31,3.42,82.67,403462.55
ACQ,12/31/16,4.45,18.77,3.42,83.88,403461.16
ACQ,03/31/17,-14.6,17.61,3.9,83.92,403462.94
ACQ,06/30/17,16.17,16.39,3.77,84.54,403462.95
ACQ,09/30/17,8.97,17.76,3.88,85.15,403464.13
ACQ,12/31/17,15.67,18.46,4.14,84.35,403463.12
ACQ,03/31/18,-13.16,19.3,4.49,84.37,403464.68
ACQ,06/30/18,0.76,20.95,4.46,84.1,403464.03
ACQ,09/30/18,19.93,19.66,4.9,86,403465.33
ACQ,12/31/18,4.99,20.68,5.25,86.06,403464.07
ACR,03/31/14,3.32,12.68,4.56,58.06,432118
ACR,06/30/14,-1.72,14.35,4.87,59.41,432118.58
ACR,09/30/14,5.55,14.82,4.62,59.58,432118.88
ACR,12/31/14,10.87,16.68,5.12,59.31,432117.26
ACR,03/31/15,20.25,18.36,5.36,60.59,432118.89
ACR,06/30/15,2.13,16.65,5.59,61.17,432120.61
ACR,09/30/15,2.29,14.91,5.99,62.93,432118.63
ACR,12/31/15,8.69,13.53,5.75,63.2,432119.6
ACR,03/31/16,15.04,15.51,5.6,63.29,432120.09
ACR,06/30/16,18.68,15.45,5.48,62.86,432121.59
ACR,09/30/16,-8.13,15.94,5.34,62.31,432121.46
ACR,12/31/16,6.19,17.56,5.29,63.8,432122.34
ACR,03/31/17,1.31,19.44,5.52,65.55,432121.31
ACR,06/30/17,-9.51,20.74,5.6,66.64,432119.58
ACR,09/30/17,-7.87,21.65,5.53,68.1,432117.73
ACR,12/31/17,-7.12,19.7,5.85,69.59,432116.1
ACR,03/31/18,3.7,17.87,6.19,69.39,432116.26
ACR,06/30/18,-13.37,19.68,6.12,69.39,432116.98
ACR,09/30/18,16.57,17.79,6.25,70.86,432118.84
ACR,12/31/18,-10.47,17.47,6.25,70.04,432119.26
ACS,03/31/14,12.26,6.86,0.75,11.8,218984
ACS,06/30/14,-6.33,6.87,0.51,13.6,218982.26
ACS,09/30/14,21.24,8.63,0.68,14.66,218984.26
ACS,12/31/14,2.28,10.3,0.94,15.6,218984.88
ACS,03/31/15,11.86,11.5,1.28,15.55,218984
ACS,06/30/15,-2.02,9.57,1.09,16.75,218984.53
ACS,09/30/15,8.23,9.83,0.84,17.84,218983.17
ACS,12/31/15,-10.45,8.18,0.72,18.72,218982.34
ACS,03/31/16,13.97,7.34,1.21,18.32,218980.74
ACS,06/30/16,13.59,5.91,1.14,20.19,218979.04
ACS,09/30/16,22.19,7.31,1.27,22.02,218979.47
ACS,12/31/16,16.13,6.32,1.61,21.49,218978.26
ACS,03/31/17,2.81,7.25,1.84,22.88,218980.25
ACS,06/30/17,-11.94,7.73,1.6,22.59,218981.88
ACS,09/30/17,-9.91,8.24,1.87,24.56,218983.39
ACS,12/31/17,2.93,9.56,2.15,24.37,218981.62
ACS,03/31/18,2.4,8.18,2.01,25.57,218980.66
ACS,06/30/18,9.18,8.28,2.23,25.94,218982.27
ACS,09/30/18,-12.31,8.5,2.72,26.04,218982.96
ACS,12/31/18,-0.89,7.12,2.72,26.75,218981.78
ACT,03/31/14,14.03,28.34,0.4,58.44,607257
ACT,06/30/14,23.32,29.56,0.33,59.96,607255.05
ACT,09/30/14,12.43,30.47,0.69,59.2,607255.15
ACT,12/31/14,21.71,29.79,0.72,58.72,607255.33
ACT,03/31/15,-14.46,28.44,0.9,59.23,607254.77
ACT,06/30/15,13.03,29.9,1.34,60.02,607252.77
ACT,09/30/15,9.01,29.28,1.74,59.41,607250.84
ACT,12/31/15,8.57,28.63,2.09,60.52,607249.9
ACT,03/31/16,4.57,30.21,2.1,61.7,607248.6
ACT,06/30/16,20.84,29.38,2.29,61.6,607246.95
ACT,09/30/16,3.88,29.96,2.04,61.56,607247.98
ACT,12/31/16,12.43,31.49,1.89,60.72,607248.41
ACT,03/31/17,11.49,33,2.01,60.82,607248.43
ACT,06/30/17,13.25,33.42,2.35,62.34,607248.19
ACT,09/30/17,11.45,34.67,2.58,62.85,607247.1
ACT,12/31/17,5.09,32.93,2.43,63.93,607247.47
ACT,03/31/18,20.75,32.07,2.24,64.44,607248.65
ACT,06/30/18,-5.58,33.36,2,65.7,607247.44
ACT,09/30/18,14.47,33.74,2.28,66.32,607248.29
ACT,12/31/18,-7.76,34.97,2.74,67.18,607248.3
ACU,03/31/14,-12.55,27.97,3.76,71.29,391367
ACU,06/30/14,4.22,28.71,4.09,71.17,391368.71
ACU,09/30/14,-8.63,28.07,4.13,70.83,391368.98
ACU,12/31/14,-13.76,27.27,4.51,71.5,391370.61
ACU,03/31/15,12.14,27.94,4.79,71.82,391368.66
ACU,06/30/15,-9.89,26.23,4.7,71.32,391370.65
ACU,09/30/15,13.72,25.08,5.06,71,391371.68
ACU,12/31/15,-6.28,25.79,5.55,70.84,391370.81
ACU,03/31/16,-2.3,26.56,5.52,71.84,391372.33
ACU,06/30/16,9.33,25.41,5.51,73.37,391374.01
ACU,09/30/16,0.38,27.32,5.55,72.56,391374.1
ACU,12/31/16,3.4,27.4,5.42,71.57,391373.64
ACU,03/31/17,2.16,28.79,5.27,73.08,391373.92
ACU,06/30/17,-7.76,29.58,5.65,74.34,391374.3
ACU,09/30/17,-0.95,31.5,5.84,74.4,391375.84
ACU,12/31/17,-8.38,32.37,6.17,75.85,391375.14
ACU,03/31/18,-4.75,31.19,6.3,77.61,391376.99
ACU,06/30/18,3.3,30.85,6.4,79.14,391377.29
ACU,09/30/18,8.4,29.11,6.35,80.08,391379.27
ACU,12/31/18,-11.23,27.15,6.75,79.08,391379.39
ACV,03/31/14,14.8,24.82,-0.51,37.94,154014
ACV,06/30/14,-13.22,26.79,-0.11,39.3,154015.93
ACV,09/30/14,-13.79,27.82,-0.35,41.06,154015.67
ACV,12/31/14,-0.36,26.4,-0.05,42.5,154016.89
ACV,03/31/15,21.96,24.74,0.1,43.65,154016.61
ACV,06/30/15,-11.27,23.45,0.27,45.03,154014.87
ACV,09/30/15,7.6,23.19,0.68,44.5,154014.39
ACV,12/31/15,-5.15,22.67,0.99,45.81,154012.84
ACV,03/31/16,-1.36,24.03,1.05,45.23,154013
ACV,06/30/16,21.07,24.85,1.2,47.17,154012.58
ACV,09/30/16,21.78,25.48,1.15,48.44,154012.71
ACV,12/31/16,7.7,23.63,1.5,48.3,154011.39
ACV,03/31/17,-13.97,21.85,1.75,47.36,154012.68
ACV,06/30/17,11.93,23.52,1.78,47.9,154014.15
ACV,09/30/17,11.09,23.93,1.63,48.27,154015.37
ACV,12/31/17,17.4,25.45,2.01,49.54,154015.08
ACV,03/31/18,18.01,25.41,1.99,49.25,154014.32
ACV,06/30/18,-11.6,25.37,2.31,50.76,154014.97
ACV,09/30/18,-12.13,26.64,2.33,50.44,154014.71
ACV,12/31/18,-8.74,26.39,2.26,51.31,154015.65
ACW,03/31/14,-10.47,28.41,-0.15,44.3,860469
ACW,06/30/14,16.52,27.69,0.16,44.51,860468.64
ACW,09/30/14,1.08,28.3,0.19,45.3,860467.15
ACW,12/31/14,8.56,26.33,0.37,46.26,860468.22
ACW,03/31/15,4.62,27.48,0.4,45.55,860468.01
ACW,06/30/15,-2.76,28.21,0.25,46.79,860468.85
ACW,09/30/15,7.27,28.46,0.36,47.31,860468.36
ACW,12/31/15,20.04,28.07,0.84,47.85,860468.9
ACW,03/31/16,1.4,29.71,0.88,49.35,860469.54
ACW,06/30/16,4.28,29.9,0.99,49.54,860468.46
ACW,09/30/16,16.24,28.37,0.94,50.18,860468.51
ACW,12/31/16,-12.19,27.01,0.83,50.65,860467.93
ACW,03/31/17,10.76,27.64,0.99,52.29,860467.52
ACW,06/30/17,0.14,25.73,1.33,52.17,860466.65
ACW,09/30/17,21.82,24.61,1.8,51.18,860467.1
ACW,12/31/17,-7.13,25.2,2.26,50.82,860468.69
ACW,03/31/18,7.42,27.01,2.33,51.61,860470.46
ACW,06/30/18,10.13,27.1,2.49,52.46,860470.95
ACW,09/30/18,-1.72,26.59,2.73,53.34,860469.69
ACW,12/31/18,-5.81,27.26,2.52,52.7,860467.95
ACX,03/31/14,-3.94,20.27,0.78,56.26,612304
ACX,06/30/14,14.36,22.22,1.09,57.25,612304.89
ACX,09/30/14,-7.81,21.84,1.17,56.98,612304.04
ACX,12/31/14,12.36,21.39,1.23,58.85,612302.35
ACX,03/31/15,-5.65,20.42,1.41,59.98,612302.36
ACX,06/30/15,10.47,20.96,1.53,61.68,612303
ACX,09/30/15,17.45,22.85,1.85,61.39,612302.5
ACX,12/31/15,4.4,23.99,2.27,61.68,612302.53
ACX,03/31/16,-8.95,25.39,2.19,60.77,612302.12
ACX,06/30/16,4.04,26.45,2.06,60.59,612303.77
ACX,09/30/16,5.79,24.5,2.54,61.31,612304.48
ACX,12/31/16,-12.97,23.05,2.59,62.43,612305.92
ACX,03/31/17,17.79,22.21,2.59,61.95,612307.59
ACX,06/30/17,23.02,23.54,2.91,61.61,612306.74
ACX,09/30/17,6.67,24.2,2.68,62.66,612306.22
ACX,12/31/17,21.95,24.01,2.44,62.78,612306.67
ACX,03/31/18,8,23.94,2.27,62.95,612306.31
ACX,06/30/18,22.44,24.51,2.23,64.06,612304.63
ACX,09/30/18,-12.42,24.6,2.28,65.9,612306.03
ACX,12/31/18,7.15,24.7,2.41,65.52,612304.6
ACY,03/31/14,-7.52,15.09,1.75,23.49,593731
ACY,06/30/14,12.58,13.61,1.54,22.49,593732.88
ACY,09/30/14,-7.54,12.91,1.4,23.3,593732.14
ACY,12/31/14,-14.16,13.63,1.23,23.61,593731.13
ACY,03/31/15,-13.81,12.07,1.19,24.44,593731.37
ACY,06/30/15,2.66,11.05,1.21,25.27,593732.43
ACY,09/30/15,12.88,10.36,1.43,25.3,593731.1
ACY,12/31/15,7.48,11.98,1.87,25.22,593732.16
ACY,03/31/16,2.38,13.4,2.22,26.34,593732.85
ACY,06/30/16,5.87,14.63,2.58,26.08,593731.72
ACY,09/30/16,-0.32,14.94,2.7,25.44,593733.65
ACY,12/31/16,19.76,13.91,2.64,26.93,593732.63
ACY,03/31/17,15.82,12.22,2.94,28.76,593733.17
ACY,06/30/17,20.26,13.12,3.27,28.78,593733.89
ACY,09/30/17,15.07,11.75,3.6,28.84,593734.15
ACY,12/31/17,1.3,11.48,3.98,29.75,593735.03
ACY,03/31/18,-3.89,13.25,4.2,30.99,593736.54
ACY,06/30/18,-8.21,11.82,3.97,32.07,593737.34
ACY,09/30/18,17.85,12.78,3.93,34.07,593737.61
ACY,12/31/18,0.33,12.54,3.68,35.77,593737.57
ACZ,03/31/14,21.27,7.5,0.41,72.37,363943
ACZ,06/30/14,-14.54,6.81,0.16,73.19,363941.63
ACZ,09/30/14,-5.65,6.86,0.34,72.24,363943.1
ACZ,12/31/14,-14.1,7.24,0.39,72.01,363943.75
ACZ,03/31/15,-2.06,7.3,0.48,72.85,363945.71
ACZ,06/30/15,1.08,9.01,0.4,72.72,363944.2
ACZ,09/30/15,10.73,10.1,0.18,74.12,363945.26
ACZ,12/31/15,-10.72,9.09,0.42,75.33,363946.5
ACZ,03/31/16,14.53,8.18,0.79,74.46,363947.76
ACZ,06/30/16,-13.32,9.3,0.64,74.74,363946.06
ACZ,09/30/16,12.53,8.12,0.78,75.22,363947.53
ACZ,12/31/16,-11.76,9.33,1.19,76.65,363945.89
ACZ,03/31/17,-6.24,8.68,1.04,76.69,363945.09
ACZ,06/30/17,16.11,9.22,1.3,76.2,363946.15
ACZ,09/30/17,-8.9,7.89,1.32,77.14,363946.66
ACZ,12/31/17,13.01,8.51,1.54,78.51,363946.39
ACZ,03/31/18,-10.12,9.59,1.53,79.8,363946.62
ACZ,06/30/18,9.78,8.04,1.29,81.75,363944.87
ACZ,09/30/18,12.56,7.41,1.49,82.09,363944.48
ACZ,12/31/18,14.79,6.15,1.9,81.2,363942.59
